instance,rows,cols,nnz,algorithm,tolerance,status,objective,published_objective,relative_error,iterations,seconds,wall_seconds,reached_tolerance,primal_residual,dual_residual,git_commit,machine,gpu,timestamp_utc
kkt_200x200,200,200,1000,pdhg-cpu,1e-04,feasible,15284.999999632697,15285.0,2.4030295929983917e-11,8920,0.045221,0.147284,1,5.556e-08,0.000e+00,a4f02b1,Windows-AMD64,"NVIDIA GeForce RTX 5050 Laptop GPU (compute 12.0, 8151 MiB VRAM)",2026-09-22T15:32:21+00:00
kkt_200x200,200,200,1000,pdhg-cuda,1e-04,feasible,15285.00000021587,15285.0,1.4123021684998892e-11,18280,5.002404,5.160126,1,5.818e-08,4.152e-17,a4f02b1,Windows-AMD64,"NVIDIA GeForce RTX 5050 Laptop GPU (compute 12.0, 8151 MiB VRAM)",2026-09-22T15:32:21+00:00
kkt_200x200,200,200,1000,pdhg-cpu,1e-08,feasible,15284.999999947151,15285.0,3.4575674275839918e-12,18240,0.102552,0.219782,1,9.583e-08,0.000e+00,a4f02b1,Windows-AMD64,"NVIDIA GeForce RTX 5050 Laptop GPU (compute 12.0, 8151 MiB VRAM)",2026-09-22T15:32:21+00:00
kkt_200x200,200,200,1000,pdhg-cuda,1e-08,feasible,15285.000128171308,15285.0,8.385430713829127e-09,12360,3.419082,3.563786,1,4.348e-08,2.001e-17,a4f02b1,Windows-AMD64,"NVIDIA GeForce RTX 5050 Laptop GPU (compute 12.0, 8151 MiB VRAM)",2026-09-22T15:32:21+00:00
kkt_500x500,500,500,2500,pdhg-cpu,1e-04,feasible,40595.99999840827,40596.0,3.920908817185071e-11,14880,0.119319,0.301911,1,6.902e-08,0.000e+00,a4f02b1,Windows-AMD64,"NVIDIA GeForce RTX 5050 Laptop GPU (compute 12.0, 8151 MiB VRAM)",2026-09-22T15:32:21+00:00
kkt_500x500,500,500,2500,pdhg-cuda,1e-04,feasible,40596.00005773911,40596.0,1.4222857195533264e-09,5320,1.235352,1.332725,1,8.390e-13,8.199e-16,a4f02b1,Windows-AMD64,"NVIDIA GeForce RTX 5050 Laptop GPU (compute 12.0, 8151 MiB VRAM)",2026-09-22T15:32:21+00:00
kkt_500x500,500,500,2500,pdhg-cpu,1e-08,feasible,40595.99999830272,40596.0,4.1808975873874175e-11,19880,0.171712,0.333155,1,7.220e-08,0.000e+00,a4f02b1,Windows-AMD64,"NVIDIA GeForce RTX 5050 Laptop GPU (compute 12.0, 8151 MiB VRAM)",2026-09-22T15:32:21+00:00
kkt_500x500,500,500,2500,pdhg-cuda,1e-08,feasible,40595.99999997481,40596.0,6.204888476771854e-13,21920,4.891393,4.986959,1,1.005e-09,3.111e-13,a4f02b1,Windows-AMD64,"NVIDIA GeForce RTX 5050 Laptop GPU (compute 12.0, 8151 MiB VRAM)",2026-09-22T15:32:21+00:00
kkt_1000x1000,1000,1000,5000,pdhg-cpu,1e-04,feasible,84140.00000049494,84140.0,5.882335877670708e-12,2640,0.043214,0.117269,1,8.748e-08,0.000e+00,a4f02b1,Windows-AMD64,"NVIDIA GeForce RTX 5050 Laptop GPU (compute 12.0, 8151 MiB VRAM)",2026-09-22T15:32:21+00:00
kkt_1000x1000,1000,1000,5000,pdhg-cuda,1e-04,optimal,84140.00000014114,84140.0,1.6774307796521285e-12,3240,0.792559,0.885808,1,5.456e-09,1.781e-16,a4f02b1,Windows-AMD64,"NVIDIA GeForce RTX 5050 Laptop GPU (compute 12.0, 8151 MiB VRAM)",2026-09-22T15:32:21+00:00
kkt_1000x1000,1000,1000,5000,pdhg-cpu,1e-08,feasible,84140.00000049494,84140.0,5.882335877670708e-12,2640,0.043754,0.122026,1,8.748e-08,0.000e+00,a4f02b1,Windows-AMD64,"NVIDIA GeForce RTX 5050 Laptop GPU (compute 12.0, 8151 MiB VRAM)",2026-09-22T15:32:21+00:00
kkt_1000x1000,1000,1000,5000,pdhg-cuda,1e-08,optimal,84140.00000000354,84140.0,4.2026567631247265e-14,3160,0.768955,0.859605,1,1.924e-08,3.881e-16,a4f02b1,Windows-AMD64,"NVIDIA GeForce RTX 5050 Laptop GPU (compute 12.0, 8151 MiB VRAM)",2026-09-22T15:32:21+00:00
kkt_2000x2000,2000,2000,10000,pdhg-cpu,1e-04,feasible,184419.9999989934,184420.0,5.458270165963825e-12,22040,0.725215,1.37311,1,9.897e-08,0.000e+00,a4f02b1,Windows-AMD64,"NVIDIA GeForce RTX 5050 Laptop GPU (compute 12.0, 8151 MiB VRAM)",2026-09-22T15:32:21+00:00
kkt_2000x2000,2000,2000,10000,pdhg-cuda,1e-04,feasible,184419.99999908847,184420.0,4.942695856766618e-12,17120,3.945989,4.048556,1,5.940e-08,2.209e-16,a4f02b1,Windows-AMD64,"NVIDIA GeForce RTX 5050 Laptop GPU (compute 12.0, 8151 MiB VRAM)",2026-09-22T15:32:21+00:00
kkt_2000x2000,2000,2000,10000,pdhg-cpu,1e-08,feasible,184419.9999989934,184420.0,5.458270165963825e-12,22040,0.727645,1.408181,1,9.897e-08,0.000e+00,a4f02b1,Windows-AMD64,"NVIDIA GeForce RTX 5050 Laptop GPU (compute 12.0, 8151 MiB VRAM)",2026-09-22T15:32:21+00:00
kkt_2000x2000,2000,2000,10000,pdhg-cuda,1e-08,feasible,184419.99999959744,184420.0,2.1828661906384373e-12,26120,6.01515,6.118885,1,5.282e-08,1.543e-16,a4f02b1,Windows-AMD64,"NVIDIA GeForce RTX 5050 Laptop GPU (compute 12.0, 8151 MiB VRAM)",2026-09-22T15:32:21+00:00
kkt_5000x5000,5000,5000,40000,pdhg-cpu,1e-04,optimal,718697.9999997085,718698.0,4.0560007938611874e-13,5680,0.778138,1.422502,1,5.605e-08,0.000e+00,a4f02b1,Windows-AMD64,"NVIDIA GeForce RTX 5050 Laptop GPU (compute 12.0, 8151 MiB VRAM)",2026-09-22T15:32:21+00:00
kkt_5000x5000,5000,5000,40000,pdhg-cuda,1e-04,optimal,718697.9999995953,718698.0,5.630454776142767e-13,5480,1.468484,1.594311,1,4.934e-08,9.132e-16,a4f02b1,Windows-AMD64,"NVIDIA GeForce RTX 5050 Laptop GPU (compute 12.0, 8151 MiB VRAM)",2026-09-22T15:32:21+00:00
kkt_5000x5000,5000,5000,40000,pdhg-cpu,1e-08,optimal,718697.9999997085,718698.0,4.0560007938611874e-13,5680,0.840115,1.45989,1,5.605e-08,0.000e+00,a4f02b1,Windows-AMD64,"NVIDIA GeForce RTX 5050 Laptop GPU (compute 12.0, 8151 MiB VRAM)",2026-09-22T15:32:21+00:00
kkt_5000x5000,5000,5000,40000,pdhg-cuda,1e-08,optimal,718698.0000003978,718698.0,5.534886067341725e-13,5320,1.376312,1.486555,1,6.747e-08,1.231e-15,a4f02b1,Windows-AMD64,"NVIDIA GeForce RTX 5050 Laptop GPU (compute 12.0, 8151 MiB VRAM)",2026-09-22T15:32:21+00:00
kkt_10000x10000,10000,10000,80000,pdhg-cpu,1e-04,optimal,1355466.9999999779,1355467.0,1.6318295574232065e-14,8960,2.779369,3.422392,1,3.404e-08,0.000e+00,a4f02b1,Windows-AMD64,"NVIDIA GeForce RTX 5050 Laptop GPU (compute 12.0, 8151 MiB VRAM)",2026-09-22T15:32:21+00:00
kkt_10000x10000,10000,10000,80000,pdhg-cuda,1e-04,feasible,1355466.9999970964,1355467.0,2.1421627800657694e-12,6240,1.702599,1.849895,1,9.827e-08,3.599e-16,a4f02b1,Windows-AMD64,"NVIDIA GeForce RTX 5050 Laptop GPU (compute 12.0, 8151 MiB VRAM)",2026-09-22T15:32:21+00:00
kkt_10000x10000,10000,10000,80000,pdhg-cpu,1e-08,optimal,1355466.9999999779,1355467.0,1.6318295574232065e-14,8960,2.762223,3.448361,1,3.404e-08,0.000e+00,a4f02b1,Windows-AMD64,"NVIDIA GeForce RTX 5050 Laptop GPU (compute 12.0, 8151 MiB VRAM)",2026-09-22T15:32:21+00:00
kkt_10000x10000,10000,10000,80000,pdhg-cuda,1e-08,optimal,1355467.0000004573,1355467.0,3.373592895557029e-13,6920,1.830533,1.958328,1,4.326e-08,1.704e-15,a4f02b1,Windows-AMD64,"NVIDIA GeForce RTX 5050 Laptop GPU (compute 12.0, 8151 MiB VRAM)",2026-09-22T15:32:21+00:00
